id,tipo_id,nombre,descripcion,capacidad_max,precio,fecha_inicio,fecha_fin
1,1,Estadio El Plantio,Visita guiada a las instalaciones del estadio de futbol de Burgos CF,25,10.00,2026-07-01 10:00:00,2026-07-01 12:00:00
2,2,Yacimientos de Atapuerca,Visita guiada a los yacimientos prehistoricos declarados Patrimonio de la Humanidad,20,12.00,2026-07-15 09:00:00,2026-07-15 13:00:00
3,3,Museo de la Evolucion Humana,Recorrido por la historia de la evolucion humana y los hallazgos de Atapuerca,30,8.00,2026-08-01 10:00:00,2026-08-01 14:00:00
4,4,Castillo de Burgos,Visita guiada al castillo medieval con vistas panoramicas de la ciudad,20,6.00,2026-08-15 11:00:00,2026-08-15 13:00:00
5,4,Catedral de Burgos,Visita a la Catedral gotica de Santa Maria declarada Patrimonio de la Humanidad,40,7.00,2026-09-01 10:00:00,2026-09-01 12:00:00
6,5,Monasterio de las Huelgas,Visita guiada al monasterio cisterciense fundado por Alfonso VIII,15,5.00,2026-09-15 10:00:00,2026-09-15 12:00:00
7,5,Cartuja de Miraflores,Visita a la cartuja gotica con el sepulcro de Juan II de Castilla,20,5.00,2026-10-01 11:00:00,2026-10-01 13:00:00
8,3,Museo del Retablo,Exposicion de retablos religiosos de los siglos XV al XVIII,25,4.00,2026-10-15 10:00:00,2026-10-15 13:00:00
9,4,Arco de Santa Maria,Visita a la puerta medieval de la ciudad con exposicion permanente,30,3.00,2026-11-01 10:00:00,2026-11-01 14:00:00
